<?xml version="1.0" encoding="UTF-8"?>
<project-private xmlns="http://www.netbeans.org/ns/project-private/1">
    <editor-bookmarks xmlns="http://www.netbeans.org/ns/editor-bookmarks/2" lastBookmarkId="0"/>
    <open-files xmlns="http://www.netbeans.org/ns/projectui-open-files/2">
        <group>
            <file>file:/D:/Loginjsp/web/index2.html</file>
            <file>file:/D:/Loginjsp/web/medicine.jsp</file>
            <file>file:/D:/Loginjsp/web/autosearch.jsp</file>
            <file>file:/D:/Loginjsp/web/meds.jsp</file>
            <file>file:/D:/Loginjsp/web/Loginjsp.jsp</file>
            <file>file:/D:/Loginjsp/web/Homepage.jsp</file>
            <file>file:/D:/Loginjsp/web/insert.jsp</file>
            <file>file:/D:/Loginjsp/web/jquery-1.4.2.min.js</file>
            <file>file:/D:/Loginjsp/web/style4.css</file>
            <file>file:/D:/Loginjsp/web/stock.jsp</file>
            <file>file:/D:/Loginjsp/web/jquery.autocomplete.js</file>
            <file>file:/D:/Loginjsp/web/hospital_hp.jsp</file>
            <file>file:/D:/Loginjsp/web/style3.css</file>
            <file>file:/D:/Loginjsp/web/index2.jsp</file>
        </group>
    </open-files>
</project-private>
